Cycle,Time,Time(ns),Q1,Q2,T1,T2
0,0.0,1683449936666216200,0.0,0,22.188,21.543
0,1.0,1683449937666804900,0.0,0,22.188,21.543
0,2.0,1683449938667062300,0.0,0,22.155,21.543
0,3.0,1683449939667409600,0.0,0,22.188,21.543
0,4.0,1683449940668103200,0.0,0,22.155,21.543
0,5.0,1683449941676446200,0.0,0,22.188,21.543
0,6.0,1683449942676636300,0.0,0,22.188,21.543
0,7.0,1683449943677364200,0.0,0,21.897,21.543
0,8.0,1683449944677374400,0.0,0,22.155,21.543
0,9.0,1683449945677706300,0.0,0,22.188,21.543
0,10.0,1683449946677843800,0.0,0,22.188,21.543
0,11.0,1683449947678416300,0.0,0,22.188,21.543
0,12.0,1683449948678538700,0.0,0,22.188,21.543
0,13.0,1683449949679282100,0.0,0,22.188,21.543
0,14.0,1683449950687531800,0.0,0,22.188,21.543
0,15.0,1683449951688035700,0.0,0,22.188,21.543
0,16.0,1683449952688105700,0.0,0,22.188,21.543
0,17.0,1683449953688840500,0.0,0,22.188,21.543
0,18.0,1683449954689066800,0.0,0,22.188,21.543
0,19.0,1683449955689177100,0.0,0,22.188,21.543
0,20.0,1683449956689530000,0.0,0,22.188,21.543
0,21.0,1683449957690026400,100.0,0,22.188,21.575
0,22.0,1683449958690946200,100.0,0,22.188,21.575
0,23.0,1683449959691701700,100.0,0,22.188,21.543
0,24.0,1683449960692048500,100.0,0,22.188,21.543
0,25.0,1683449961692592400,100.0,0,22.188,21.575
0,26.0,1683449962692901800,100.0,0,22.188,21.672
0,27.0,1683449963693035400,100.0,0,22.188,21.575
0,28.0,1683449964693253800,100.0,0,22.445,21.543
0,29.0,1683449965693312000,100.0,0,22.51,21.543
0,30.0,1683449966694080000,100.0,0,22.542,21.575
0,31.0,1683449967706818400,100.0,0,22.832,21.543
0,32.0,1683449968707385000,100.0,0,22.929,21.64
0,33.0,1683449969722324700,100.0,0,23.154,21.64
0,34.0,1683449970736020500,100.0,0,23.477,21.672
0,35.0,1683449971736404700,100.0,0,23.767,21.704
0,36.0,1683449972736478600,100.0,0,23.896,21.672
0,37.0,1683449973736755600,100.0,0,24.153,21.769
0,38.0,1683449974737639100,100.0,0,24.443,21.801
0,39.0,1683449975738049700,100.0,0,24.766,21.801
0,40.0,1683449976738681600,100.0,0,25.088,21.865
0,41.0,1683449977749738800,100.0,0,25.41,21.833
0,42.0,1683449978749923000,100.0,0,25.732,21.865
0,43.0,1683449979750720900,100.0,0,26.055,21.865
0,44.0,1683449980751033300,100.0,0,26.377,21.865
0,45.0,1683449981751492800,100.0,0,26.699,21.865
0,46.0,1683449982752440800,100.0,0,27.021,21.865
0,47.0,1683449983752918100,100.0,0,27.44,21.865
0,48.0,1683449984753443800,100.0,0,27.956,21.865
0,49.0,1683449985753462700,100.0,0,28.311,21.865
0,50.0,1683449986753730600,100.0,0,28.633,21.865
0,51.0,1683449987754016400,100.0,0,28.955,21.865
0,52.0,1683449988754066100,100.0,0,29.277,22.059
0,53.0,1683449989754111000,100.0,0,29.632,22.188
0,54.0,1683449990755090300,100.0,0,30.147,22.155
0,55.0,1683449991755260800,100.0,0,30.566,22.188
0,56.0,1683449992755530800,100.0,0,30.889,22.188
0,57.0,1683449993755576300,100.0,0,31.211,22.188
0,58.0,1683449994756538900,100.0,0,31.533,22.188
0,59.0,1683449995757094400,100.0,0,32.049,22.188
0,60.0,1683449996757490700,100.0,0,32.5,22.413
0,61.0,1683449997758267300,100.0,0,32.822,22.51
0,62.0,1683449998759024600,100.0,0,33.145,22.51
0,63.0,1683449999759537200,100.0,0,33.467,22.51
0,64.0,1683450000759832900,100.0,0,33.821,22.51
0,65.0,1683450001760828700,100.0,0,34.434,22.51
0,66.0,1683450002760927300,100.0,0,34.724,22.639
0,67.0,1683450003761493800,100.0,0,35.078,22.832
0,68.0,1683450004761622500,100.0,0,35.529,22.832
0,69.0,1683450005762233200,100.0,0,36.045,22.832
0,70.0,1683450006762753000,100.0,0,36.367,22.832
0,71.0,1683450007763652300,100.0,0,36.689,23.058
0,72.0,1683450008763685200,100.0,0,37.012,23.154
0,73.0,1683450009764407400,100.0,0,37.334,23.154
0,74.0,1683450010765301100,100.0,0,37.688,23.154
0,75.0,1683450011765426100,100.0,0,38.236,23.283
0,76.0,1683450012765726300,100.0,0,38.623,23.477
0,77.0,1683450013766543000,100.0,0,38.945,23.477
0,78.0,1683450014767279400,100.0,0,39.268,23.477
0,79.0,1683450015767827300,100.0,0,39.59,23.605
0,80.0,1683450016768751500,100.0,0,39.944,23.799
0,81.0,1683450017768988100,100.0,0,40.396,23.799
0,82.0,1683450018769504900,100.0,0,40.782,23.799
0,83.0,1683450019770151300,100.0,0,41.169,23.896
0,84.0,1683450020770703500,100.0,0,41.523,24.089
0,85.0,1683450021770845300,100.0,0,41.846,24.121
0,86.0,1683450022771832500,100.0,0,42.168,24.121
0,87.0,1683450023772674200,100.0,0,42.49,24.411
0,88.0,1683450024773216100,100.0,0,42.813,24.443
0,89.0,1683450025773827400,100.0,0,43.135,24.443
0,90.0,1683450026774682500,100.0,0,43.457,24.508
0,91.0,1683450027775014100,100.0,0,43.779,24.766
0,92.0,1683450028775572400,100.0,0,44.102,24.766
0,93.0,1683450029776038700,100.0,0,44.424,24.766
0,94.0,1683450030776898800,100.0,0,44.778,24.991
0,95.0,1683450031777151600,100.0,0,45.165,25.088
0,96.0,1683450032777778200,100.0,0,45.487,25.088
0,97.0,1683450033777792100,100.0,0,45.971,25.152
0,98.0,1683450034778598100,100.0,0,46.325,25.41
0,99.0,1683450035779014200,100.0,0,46.68,25.41
0,100.0,1683450036779138400,100.0,0,46.97,25.507
0,101.0,1683450037779329900,0.0,0,47.324,25.636
0,102.0,1683450038779353500,0.0,0,47.55,25.732
0,103.0,1683450039780240100,0.0,0,47.904,25.732
0,104.0,1683450040780522000,0.0,0,48.098,25.958
0,105.0,1683450041780901200,0.0,0,48.291,26.055
0,106.0,1683450042781052900,0.0,0,48.613,26.055
0,107.0,1683450043781345500,0.0,0,48.936,26.345
0,108.0,1683450044782015800,0.0,0,49.258,26.377
0,109.0,1683450045782380600,0.0,0,49.419,26.377
0,110.0,1683450046782607000,0.0,0,49.58,26.667
0,111.0,1683450047783012800,0.0,0,49.87,26.699
0,112.0,1683450048783902000,0.0,0,49.902,26.699
0,113.0,1683450049783993400,0.0,0,49.902,27.021
0,114.0,1683450050784168500,0.0,0,50.192,27.021
0,115.0,1683450051784592800,0.0,0,50.225,27.021
0,116.0,1683450052785179800,0.0,0,50.225,27.344
0,117.0,1683450053785637600,0.0,0,50.225,27.344
0,118.0,1683450054785767400,0.0,0,50.225,27.344
0,119.0,1683450055786369300,0.0,0,50.225,27.634
0,120.0,1683450056787006100,0.0,0,50.225,27.666
0,121.0,1683450057787634500,0.0,0,50.225,27.666
0,122.0,1683450058788382700,0.0,0,50.225,27.73
0,123.0,1683450059788593600,0.0,0,50.225,27.988
0,124.0,1683450060788618000,0.0,0,50.192,27.988
0,125.0,1683450061789463000,0.0,0,49.902,28.053
0,126.0,1683450062789549400,0.0,0,49.902,28.311
0,127.0,1683450063789840400,0.0,0,49.902,28.311
0,128.0,1683450064790508900,0.0,0,49.741,28.439
0,129.0,1683450065791527400,0.0,0,49.58,28.633
0,130.0,1683450066792016800,0.0,0,49.58,28.633
0,131.0,1683450067792888600,0.0,0,49.548,28.633
0,132.0,1683450068793805200,0.0,0,49.258,28.923
0,133.0,1683450069794769000,0.0,0,49.258,28.955
0,134.0,1683450070795399800,0.0,0,49.258,28.955
0,135.0,1683450071795716900,0.0,0,49.0,29.02
0,136.0,1683450072795957700,0.0,0,48.936,29.277
0,137.0,1683450073796330600,0.0,0,48.678,29.277
0,138.0,1683450074796713600,0.0,0,48.613,29.277
0,139.0,1683450075796775600,0.0,0,48.388,29.277
0,140.0,1683450076797288600,0.0,0,48.291,29.6
0,141.0,1683450077797745400,0.0,0,48.194,29.6
0,142.0,1683450078798177600,0.0,0,47.969,29.6
0,143.0,1683450079798310000,0.0,0,47.937,29.6
0,144.0,1683450080798701200,0.0,0,47.646,29.6
0,145.0,1683450081798835900,0.0,0,47.646,29.729
0,146.0,1683450082799401900,0.0,0,47.324,29.857
0,147.0,1683450083799498000,0.0,0,47.292,29.922
0,148.0,1683450084800470000,0.0,0,47.002,29.922
0,149.0,1683450085800867600,0.0,0,46.97,29.922
0,150.0,1683450086801184700,0.0,0,46.68,29.922
0,151.0,1683450087801914200,0.0,0,46.647,29.922
0,152.0,1683450088802510200,0.0,0,46.357,30.18
0,153.0,1683450089802990300,0.0,0,46.325,30.244
0,154.0,1683450090803758300,0.0,0,46.035,30.244
0,155.0,1683450091804492200,0.0,0,45.938,30.244
0,156.0,1683450092805307100,0.0,0,45.713,30.244
0,157.0,1683450093806131100,0.0,0,45.648,30.244
0,158.0,1683450094806754300,0.0,0,45.391,30.244
0,159.0,1683450095807604400,0.0,0,45.391,30.244
0,160.0,1683450096808501300,0.0,0,45.068,30.373
0,161.0,1683450097808772300,0.0,0,45.068,30.566
0,162.0,1683450098809666000,0.0,0,44.746,30.566
0,163.0,1683450099810522400,0.0,0,44.746,30.566
0,164.0,1683450100810696000,0.0,0,44.488,30.566
0,165.0,1683450101810968000,0.0,0,44.424,30.566
0,166.0,1683450102811914200,0.0,0,44.134,30.566
0,167.0,1683450103812528000,0.0,0,44.102,30.566
0,168.0,1683450104812811300,0.0,0,43.876,30.566
0,169.0,1683450105813134300,0.0,0,43.779,30.566
0,170.0,1683450106813754600,0.0,0,43.457,30.566
0,171.0,1683450107813755200,0.0,0,43.457,30.566
0,172.0,1683450108814378000,0.0,0,43.231,30.566
0,173.0,1683450109815286800,0.0,0,43.135,30.566
0,174.0,1683450110816063300,0.0,0,42.909,30.566
0,175.0,1683450111816129300,0.0,0,42.813,30.631
0,176.0,1683450112816530200,0.0,0,42.716,30.695
0,177.0,1683450113816541300,0.0,0,42.49,30.76
0,178.0,1683450114817014400,0.0,0,42.2,30.76
0,179.0,1683450115817745000,0.0,0,42.168,30.663
0,180.0,1683450116818468800,0.0,0,42.168,30.889
0,181.0,1683450117819095600,0.0,0,41.846,30.824
0,182.0,1683450118820051300,0.0,0,41.846,30.889
0,183.0,1683450119820302200,0.0,0,41.588,30.889
0,184.0,1683450120820860600,0.0,0,41.523,30.889
0,185.0,1683450121821351800,0.0,0,41.395,30.889
0,186.0,1683450122821910700,0.0,0,41.201,30.889
0,187.0,1683450123822332800,0.0,0,41.201,30.889
0,188.0,1683450124823269500,0.0,0,40.879,30.889
0,189.0,1683450125823474100,0.0,0,40.879,30.889
0,190.0,1683450126823625800,0.0,0,40.621,30.889
0,191.0,1683450127824212000,0.0,0,40.557,30.889
0,192.0,1683450128825069600,0.0,0,40.524,30.889
0,193.0,1683450129825747900,0.0,0,40.234,30.889
0,194.0,1683450130826427400,0.0,0,40.234,30.889
0,195.0,1683450131827359200,0.0,0,39.912,30.889
0,196.0,1683450132827566600,0.0,0,39.912,30.889
0,197.0,1683450133828172500,0.0,0,39.912,30.889
0,198.0,1683450134828853400,0.0,0,39.59,30.889
0,199.0,1683450135829398000,0.0,0,39.59,30.889
0,200.0,1683450136830167500,0.0,0,39.429,30.889
0,201.0,1683450137830297900,0.0,0,39.268,30.889
0,202.0,1683450138830311600,0.0,0,39.268,30.889
0,203.0,1683450139831246800,0.0,0,39.01,30.889
0,204.0,1683450140831323000,0.0,0,38.945,30.889
0,205.0,1683450141832301900,0.0,0,38.913,30.889
0,206.0,1683450142833195400,0.0,0,38.623,30.889
0,207.0,1683450143834084000,0.0,0,38.623,30.824
0,208.0,1683450144834341000,0.0,0,38.494,30.856
0,209.0,1683450145834860200,0.0,0,38.301,30.889
0,210.0,1683450146834908200,0.0,0,38.301,30.856
0,211.0,1683450147834979000,0.0,0,37.979,30.889
0,212.0,1683450148835286200,0.0,0,37.979,30.889
0,213.0,1683450149835429700,0.0,0,37.946,30.792
0,214.0,1683450150836389500,0.0,0,37.656,30.663
0,215.0,1683450151836832500,0.0,0,37.656,30.728
0,216.0,1683450152836894500,0.0,0,37.656,30.631
0,217.0,1683450153837528300,0.0,0,37.398,30.566
0,218.0,1683450154837968700,0.0,0,37.334,30.663
0,219.0,1683450155838466500,0.0,0,37.334,30.599
0,220.0,1683450156839436200,0.0,0,37.076,30.599
0,221.0,1683450157839773600,0.0,0,37.012,30.566
0,222.0,1683450158839787400,0.0,0,37.012,30.599
0,223.0,1683450159840390400,0.0,0,36.979,30.566
0,224.0,1683450160840930200,0.0,0,36.689,30.566
0,225.0,1683450161841660500,0.0,0,36.689,30.566
0,226.0,1683450162841936300,0.0,0,36.689,30.566
0,227.0,1683450163842011600,0.0,0,36.399,30.566
0,228.0,1683450164842488100,0.0,0,36.367,30.566
0,229.0,1683450165843474100,0.0,0,36.367,30.566
0,230.0,1683450166844436200,0.0,0,36.367,30.566
0,231.0,1683450167844569200,0.0,0,36.045,30.566
0,232.0,1683450168845309200,0.0,0,36.045,30.566
0,233.0,1683450169845426900,0.0,0,36.045,30.566
0,234.0,1683450170845517500,0.0,0,36.013,30.566
0,235.0,1683450171845949800,0.0,0,35.723,30.566
0,236.0,1683450172846770100,0.0,0,35.723,30.566
0,237.0,1683450173846963800,0.0,0,35.723,30.534
0,238.0,1683450174847826100,0.0,0,35.4,30.566
0,239.0,1683450175848211700,0.0,0,35.4,30.566
0,240.0,1683450176849122000,0.0,0,35.4,30.341
0,241.0,1683450177849147800,0.0,0,35.368,30.309
0,242.0,1683450178849512300,0.0,0,35.11,30.309
0,243.0,1683450179850476500,0.0,0,35.078,30.244
0,244.0,1683450180851262100,0.0,0,35.078,30.244
0,245.0,1683450181851469300,0.0,0,35.078,30.244
0,246.0,1683450182851875200,0.0,0,34.853,30.244
0,247.0,1683450183852854200,0.0,0,34.756,30.244
0,248.0,1683450184853159300,0.0,0,34.756,30.244
0,249.0,1683450185853686400,0.0,0,34.756,30.244
0,250.0,1683450186853784400,0.0,0,34.691,30.244
0,251.0,1683450187854351200,0.0,0,34.434,30.244
0,252.0,1683450188854908300,0.0,0,34.434,30.244
0,253.0,1683450189855816200,0.0,0,34.434,30.244
0,254.0,1683450190855925300,0.0,0,34.369,30.244
0,255.0,1683450191856851300,0.0,0,34.111,30.244
0,256.0,1683450192857341800,0.0,0,34.111,30.244
0,257.0,1683450193857375600,0.0,0,34.079,30.244
0,258.0,1683450194858342700,0.0,0,34.111,30.212
0,259.0,1683450195858518700,0.0,0,33.821,30.115
0,260.0,1683450196859310000,0.0,0,33.789,30.051
0,261.0,1683450197859580000,0.0,0,33.789,29.922
0,262.0,1683450198860461700,0.0,0,33.789,29.922
0,263.0,1683450199861153800,0.0,0,33.596,29.922
0,264.0,1683450200861527900,0.0,0,33.467,29.922
0,265.0,1683450201862070300,0.0,0,33.467,29.922
0,266.0,1683450202862553900,0.0,0,33.467,29.922
0,267.0,1683450203863310100,0.0,0,33.435,29.922
0,268.0,1683450204863550100,0.0,0,33.177,29.922
0,269.0,1683450205863705500,0.0,0,33.145,29.922
0,270.0,1683450206864592200,0.0,0,33.145,29.922
0,271.0,1683450207865328200,0.0,0,33.145,29.922
0,272.0,1683450208865606900,0.0,0,33.112,29.922
0,273.0,1683450209865978700,0.0,0,32.919,29.922
0,274.0,1683450210866891400,0.0,0,32.822,29.922
0,275.0,1683450211867569000,0.0,0,32.822,29.89
0,276.0,1683450212867964900,0.0,0,32.822,29.761
0,277.0,1683450213868051100,0.0,0,32.822,29.664
0,278.0,1683450214868674100,0.0,0,32.758,29.632
0,279.0,1683450215869401200,0.0,0,32.532,29.6
0,280.0,1683450216870385100,0.0,0,32.5,29.6
0,281.0,1683450217870795500,0.0,0,32.5,29.6
0,282.0,1683450218871044100,0.0,0,32.5,29.6
0,283.0,1683450219872032700,0.0,0,32.5,29.6
0,284.0,1683450220872793800,0.0,0,32.371,29.6
0,285.0,1683450221873144400,0.0,0,32.307,29.6
0,286.0,1683450222873680400,0.0,0,32.178,29.6
0,287.0,1683450223873875200,0.0,0,32.178,29.6
0,288.0,1683450224874189600,0.0,0,32.178,29.6
0,289.0,1683450225874423300,0.0,0,32.146,29.6
0,290.0,1683450226875144700,0.0,0,31.92,29.503
0,291.0,1683450227876114100,0.0,0,31.855,29.406
0,292.0,1683450228876243100,0.0,0,31.855,29.342
0,293.0,1683450229876554700,0.0,0,31.855,29.31
0,294.0,1683450230876643800,0.0,0,31.855,29.277
0,295.0,1683450231877327900,0.0,0,31.759,29.277
0,296.0,1683450232877535900,0.0,0,31.565,29.277
0,297.0,1683450233877602500,0.0,0,31.533,29.277
0,298.0,1683450234878363000,0.0,0,31.533,29.277
0,299.0,1683450235878567300,0.0,0,31.533,29.277
0,300.0,1683450236878932800,0.0,0,31.533,29.277
0,301.0,1683450237879786900,0.0,0,31.533,29.277
0,302.0,1683450238880402600,0.0,0,31.308,29.277
0,303.0,1683450239880821600,0.0,0,31.211,29.277
0,304.0,1683450240880998500,0.0,0,31.211,29.277
0,305.0,1683450241881782300,0.0,0,31.211,29.245
0,306.0,1683450242882317900,0.0,0,31.211,29.148
0,307.0,1683450243882940200,0.0,0,31.211,29.02
0,308.0,1683450244883276400,0.0,0,31.211,28.955
0,309.0,1683450245883505500,0.0,0,31.146,28.955
0,310.0,1683450246883997400,0.0,0,30.889,28.955
0,311.0,1683450247884709400,0.0,0,30.889,28.955
0,312.0,1683450248885250800,0.0,0,30.889,28.955
0,313.0,1683450249885332500,0.0,0,30.889,28.955
0,314.0,1683450250885929400,0.0,0,30.889,28.955
0,315.0,1683450251886876800,0.0,0,30.889,28.955
0,316.0,1683450252887129100,0.0,0,30.856,28.955
0,317.0,1683450253887374100,0.0,0,30.728,28.955
0,318.0,1683450254888279100,0.0,0,30.566,28.923
0,319.0,1683450255889177700,0.0,0,30.566,28.891
0,320.0,1683450256889514100,0.0,0,30.566,28.858
0,321.0,1683450257889677600,0.0,0,30.566,28.762
0,322.0,1683450258890346000,0.0,0,30.566,28.633
0,323.0,1683450259890479200,0.0,0,30.566,28.665
0,324.0,1683450260890674700,0.0,0,30.47,28.633
0,325.0,1683450261891055700,0.0,0,30.244,28.633
0,326.0,1683450262891287800,0.0,0,30.244,28.633
0,327.0,1683450263891958300,0.0,0,30.244,28.633
0,328.0,1683450264892683300,0.0,0,30.244,28.633
0,329.0,1683450265893510300,0.0,0,30.244,28.633
0,330.0,1683450266894274200,0.0,0,30.244,28.633
0,331.0,1683450267894542900,0.0,0,30.244,28.633
0,332.0,1683450268894554400,0.0,0,30.244,28.633
0,333.0,1683450269894657100,0.0,0,30.147,28.601
0,334.0,1683450270895631300,0.0,0,30.051,28.504
0,335.0,1683450271896401500,0.0,0,29.922,28.568
0,336.0,1683450272897230100,0.0,0,29.922,28.439
0,337.0,1683450273897470800,0.0,0,29.922,28.311
0,338.0,1683450274897740700,0.0,0,29.922,28.311
0,339.0,1683450275898464400,0.0,0,29.922,28.311
0,340.0,1683450276899298100,0.0,0,29.922,28.311
0,341.0,1683450277900166000,0.0,0,29.922,28.311
0,342.0,1683450278900306000,0.0,0,29.793,28.311
0,343.0,1683450279900802800,0.0,0,29.6,28.311
0,344.0,1683450280901645700,0.0,0,29.6,28.311
0,345.0,1683450281901791900,0.0,0,29.6,28.311
0,346.0,1683450282902496900,0.0,0,29.6,28.311
0,347.0,1683450283902738200,0.0,0,29.6,28.311
0,348.0,1683450284902875200,0.0,0,29.6,28.311
0,349.0,1683450285903757900,0.0,0,29.535,28.278
0,350.0,1683450286904507200,0.0,0,29.567,28.246
0,351.0,1683450287904929800,0.0,0,29.535,28.117
0,352.0,1683450288904951500,0.0,0,29.342,28.021
0,353.0,1683450289905871600,0.0,0,29.277,27.988
0,354.0,1683450290906456500,0.0,0,29.277,27.988
0,355.0,1683450291906550200,0.0,0,29.277,27.988
0,356.0,1683450292907429900,0.0,0,29.277,27.988
0,357.0,1683450293907768800,0.0,0,29.277,27.988
0,358.0,1683450294908738000,0.0,0,29.148,27.988
0,359.0,1683450295909488900,0.0,0,29.245,27.988
1,0.0,1683450297050702800,0.0,0,29.213,27.988
1,1.0,1683450298051168500,0.0,0,28.987,27.988
1,2.0,1683450299051516900,0.0,0,28.955,27.956
1,3.0,1683450300052015200,0.0,0,28.955,27.988
1,4.0,1683450301052459400,0.0,0,28.955,27.956
1,5.0,1683450302052528800,0.0,0,28.955,27.827
1,6.0,1683450303053190300,0.0,0,28.955,27.698
1,7.0,1683450304053796700,0.0,0,28.955,27.666
1,8.0,1683450305054746100,0.0,0,28.955,27.666
1,9.0,1683450306055136400,0.0,0,28.762,27.666
1,10.0,1683450307056097400,0.0,0,28.729,27.666
1,11.0,1683450308056361700,0.0,0,28.633,27.666
1,12.0,1683450309057010000,0.0,0,28.633,27.666
1,13.0,1683450310057029700,0.0,0,28.633,27.666
1,14.0,1683450311057189500,0.0,0,28.633,27.666
1,15.0,1683450312057349900,0.0,0,28.633,27.666
1,16.0,1683450313058335900,0.0,0,28.633,27.666
1,17.0,1683450314058660900,0.0,0,28.601,27.666
1,18.0,1683450315059524400,0.0,0,28.633,27.634
1,19.0,1683450316060012000,0.0,0,28.633,27.634
1,20.0,1683450317060634600,0.0,0,28.633,27.634
1,21.0,1683450318060814200,100.0,0,28.601,27.505
1,22.0,1683450319061106800,100.0,0,28.472,27.569
1,23.0,1683450320061575300,100.0,0,28.311,27.408
1,24.0,1683450321061834300,100.0,0,28.311,27.376
1,25.0,1683450322062225100,100.0,0,28.311,27.344
1,26.0,1683450323063194000,100.0,0,28.311,27.344
1,27.0,1683450324063571600,100.0,0,28.439,27.344
1,28.0,1683450325064007100,100.0,0,28.568,27.344
1,29.0,1683450326064176600,100.0,0,28.633,27.344
1,30.0,1683450327064252900,100.0,0,28.633,27.344
1,31.0,1683450328064766400,100.0,0,28.955,27.344
1,32.0,1683450329064874300,100.0,0,28.955,27.344
1,33.0,1683450330065772700,100.0,0,29.245,27.344
1,34.0,1683450331066204800,100.0,0,29.277,27.344
1,35.0,1683450332066786800,100.0,0,29.6,27.344
1,36.0,1683450333066955600,100.0,0,29.89,27.344
1,37.0,1683450334066967900,100.0,0,29.922,27.344
1,38.0,1683450335067620200,100.0,0,30.244,27.344
1,39.0,1683450336068610900,100.0,0,30.566,27.344
1,40.0,1683450337068972300,100.0,0,30.889,27.344
1,41.0,1683450338069757200,100.0,0,31.211,27.344
1,42.0,1683450339070528100,100.0,0,31.372,27.344
1,43.0,1683450340071431700,100.0,0,31.759,27.344
1,44.0,1683450341071844500,100.0,0,32.049,27.344
1,45.0,1683450342072237800,100.0,0,32.371,27.344
1,46.0,1683450343072865700,100.0,0,32.532,27.344
1,47.0,1683450344073578800,100.0,0,32.854,27.344
1,48.0,1683450345074200200,100.0,0,33.241,27.344
1,49.0,1683450346074741600,100.0,0,33.596,27.344
1,50.0,1683450347074879100,100.0,0,34.015,27.344
1,51.0,1683450348074925200,100.0,0,34.434,27.344
1,52.0,1683450349075296300,100.0,0,34.756,27.344
1,53.0,1683450350076255400,100.0,0,35.078,27.344
1,54.0,1683450351076918200,100.0,0,35.4,27.344
1,55.0,1683450352077281100,100.0,0,35.723,27.344
1,56.0,1683450353077466000,100.0,0,36.045,27.344
1,57.0,1683450354077696800,100.0,0,36.367,27.344
1,58.0,1683450355078474100,100.0,0,36.689,27.344
1,59.0,1683450356079458000,100.0,0,37.012,27.344
1,60.0,1683450357079927800,100.0,0,37.527,27.408
1,61.0,1683450358080235000,100.0,0,37.85,27.408
1,62.0,1683450359080719000,100.0,0,38.301,27.602
1,63.0,1683450360081234700,100.0,0,38.623,27.666
1,64.0,1683450361081373100,100.0,0,38.945,27.634
1,65.0,1683450362081415600,100.0,0,39.268,27.666
1,66.0,1683450363081581800,100.0,0,39.59,27.666
1,67.0,1683450364082241600,100.0,0,39.912,27.666
1,68.0,1683450365082359100,100.0,0,40.299,27.666
1,69.0,1683450366082842200,100.0,0,40.718,27.763
1,70.0,1683450367083187000,100.0,0,41.137,27.859
1,71.0,1683450368083339700,100.0,0,41.523,27.956
1,72.0,1683450369084095300,100.0,0,41.846,27.988
1,73.0,1683450370084662400,100.0,0,42.168,27.988
1,74.0,1683450371084747600,100.0,0,42.49,27.988
1,75.0,1683450372085560500,100.0,0,42.813,27.988
1,76.0,1683450373086267100,100.0,0,43.135,28.214
1,77.0,1683450374086289100,100.0,0,43.457,28.311
1,78.0,1683450375086777200,100.0,0,43.779,28.311
1,79.0,1683450376087448800,100.0,0,44.134,28.311
1,80.0,1683450377088190100,100.0,0,44.488,28.311
1,81.0,1683450378088878100,100.0,0,44.875,28.439
1,82.0,1683450379089026300,100.0,0,45.294,28.633
1,83.0,1683450380089771000,100.0,0,45.681,28.633
1,84.0,1683450381090327500,100.0,0,46.003,28.633
1,85.0,1683450382090626000,100.0,0,46.357,28.633
1,86.0,1683450383090847000,100.0,0,46.68,28.762
1,87.0,1683450384091012700,100.0,0,47.002,28.955
1,88.0,1683450385091298700,100.0,0,47.324,28.955
1,89.0,1683450386092077100,100.0,0,47.646,28.987
1,90.0,1683450387093000100,100.0,0,47.969,29.084
1,91.0,1683450388093069200,100.0,0,48.194,29.277
1,92.0,1683450389093716700,100.0,0,48.517,29.277
1,93.0,1683450390095549500,100.0,0,48.839,29.277
1,94.0,1683450391095830900,100.0,0,49.226,29.374
1,95.0,1683450392096816900,100.0,0,49.58,29.6
1,96.0,1683450393097360800,100.0,0,49.902,29.6
1,97.0,1683450394097852400,100.0,0,50.16,29.6
1,98.0,1683450395098615100,100.0,0,50.547,29.729
1,99.0,1683450396098759000,100.0,0,50.772,29.922
1,100.0,1683450397099461600,100.0,0,50.966,29.922
1,101.0,1683450398100000200,0.0,0,51.191,29.922
1,102.0,1683450399100229400,0.0,0,51.514,30.083
1,103.0,1683450400100514800,0.0,0,51.836,30.244
1,104.0,1683450401100897800,0.0,0,52.158,30.244
1,105.0,1683450402100901500,0.0,0,52.48,30.244
1,106.0,1683450403101083700,0.0,0,52.706,30.276
1,107.0,1683450404101547400,0.0,0,52.803,30.566
1,108.0,1683450405102363400,0.0,0,53.125,30.566
1,109.0,1683450406103241600,0.0,0,53.157,30.566
1,110.0,1683450407103579300,0.0,0,53.447,30.856
1,111.0,1683450408103646300,0.0,0,53.447,30.889
1,112.0,1683450409104007200,0.0,0,53.737,30.889
1,113.0,1683450410104049500,0.0,0,53.77,30.889
1,114.0,1683450411104773300,0.0,0,53.77,31.211
1,115.0,1683450412105252500,0.0,0,53.77,31.211
1,116.0,1683450413105790700,0.0,0,53.77,31.211
1,117.0,1683450414106019100,0.0,0,53.802,31.308
1,118.0,1683450415106886400,0.0,0,53.802,31.533
1,119.0,1683450416107008000,0.0,0,53.77,31.533
1,120.0,1683450417107469500,0.0,0,53.77,31.533
1,121.0,1683450418107608300,0.0,0,53.77,31.791
1,122.0,1683450419107745600,0.0,0,53.77,31.855
1,123.0,1683450420108639600,0.0,0,53.77,31.855
1,124.0,1683450421109057000,0.0,0,53.447,31.855
1,125.0,1683450422109911100,0.0,0,53.447,32.081
1,126.0,1683450423110769300,0.0,0,53.447,32.178
1,127.0,1683450424111219500,0.0,0,53.383,32.178
1,128.0,1683450425111601000,0.0,0,53.125,32.178
1,129.0,1683450426112572600,0.0,0,53.125,32.371
1,130.0,1683450427113035900,0.0,0,52.835,32.5
1,131.0,1683450428113642900,0.0,0,52.803,32.5
1,132.0,1683450429114355000,0.0,0,52.609,32.5
1,133.0,1683450430114502100,0.0,0,52.48,32.5
1,134.0,1683450431114639200,0.0,0,52.158,32.564
1,135.0,1683450432115014800,0.0,0,52.158,32.822
1,136.0,1683450433115903000,0.0,0,52.158,32.822
1,137.0,1683450434116553500,0.0,0,51.836,32.822
1,138.0,1683450435117216700,0.0,0,51.836,32.822
1,139.0,1683450436117684100,0.0,0,51.514,32.822
1,140.0,1683450437118306400,0.0,0,51.514,33.08
1,141.0,1683450438119105000,0.0,0,51.191,33.145
1,142.0,1683450439119644200,0.0,0,51.191,33.145
1,143.0,1683450440120185200,0.0,0,50.869,33.145
1,144.0,1683450441120408500,0.0,0,50.837,33.145
1,145.0,1683450442120697300,0.0,0,50.547,33.145
1,146.0,1683450443121669200,0.0,0,50.515,33.241
1,147.0,1683450444121936900,0.0,0,50.225,33.402
1,148.0,1683450445121968200,0.0,0,50.063,33.467
1,149.0,1683450446122917700,0.0,0,49.902,33.467
1,150.0,1683450447123652100,0.0,0,49.612,33.467
1,151.0,1683450448124513100,0.0,0,49.58,33.467
1,152.0,1683450449125047100,0.0,0,49.258,33.467
1,153.0,1683450450126020600,0.0,0,49.258,33.531
1,154.0,1683450451126836800,0.0,0,48.936,33.692
1,155.0,1683450452127724600,0.0,0,48.871,33.757
1,156.0,1683450453127929000,0.0,0,48.613,33.789
1,157.0,1683450454128421400,0.0,0,48.549,33.789
1,158.0,1683450455129235700,0.0,0,48.291,33.789
1,159.0,1683450456129358000,0.0,0,48.001,33.789
1,160.0,1683450457129522500,0.0,0,47.969,33.789
1,161.0,1683450458130160000,0.0,0,47.711,33.789
1,162.0,1683450459131057800,0.0,0,47.646,33.789
1,163.0,1683450460131062600,0.0,0,47.421,33.789
1,164.0,1683450461131478600,0.0,0,47.324,33.789
1,165.0,1683450462131838900,0.0,0,47.099,33.789
1,166.0,1683450463132419800,0.0,0,47.002,33.789
1,167.0,1683450464132559400,0.0,0,46.68,33.789
1,168.0,1683450465133356500,0.0,0,46.68,33.918
1,169.0,1683450466133764500,0.0,0,46.357,33.886
1,170.0,1683450467134496100,0.0,0,46.357,33.918
1,171.0,1683450468135237300,0.0,0,46.035,34.047
1,172.0,1683450469135847100,0.0,0,46.035,33.982
1,173.0,1683450470136211700,0.0,0,45.713,34.111
1,174.0,1683450471136394700,0.0,0,45.713,34.111
1,175.0,1683450472136951900,0.0,0,45.391,34.111
1,176.0,1683450473137560800,0.0,0,45.391,34.079
1,177.0,1683450474137737700,0.0,0,45.068,34.111
1,178.0,1683450475137769600,0.0,0,45.068,34.111
1,179.0,1683450476137772000,0.0,0,44.746,34.111
1,180.0,1683450477138274300,0.0,0,44.746,34.111
1,181.0,1683450478138717500,0.0,0,44.553,34.047
1,182.0,1683450479139102500,0.0,0,44.424,34.079
1,183.0,1683450480139570200,0.0,0,44.327,34.111
1,184.0,1683450481140398200,0.0,0,44.102,34.047
1,185.0,1683450482141310600,0.0,0,44.005,34.111
1,186.0,1683450483141929500,0.0,0,43.779,34.015
1,187.0,1683450484142140400,0.0,0,43.747,34.015
1,188.0,1683450485142984100,0.0,0,43.457,33.95
1,189.0,1683450486143128000,0.0,0,43.457,33.918
1,190.0,1683450487143383800,0.0,0,43.135,33.854
1,191.0,1683450488143630800,0.0,0,43.135,33.854
1,192.0,1683450489144120300,0.0,0,42.877,33.886
1,193.0,1683450490144877000,0.0,0,42.813,33.854
1,194.0,1683450491145380700,0.0,0,42.716,33.854
1,195.0,1683450492145765800,0.0,0,42.49,33.789
1,196.0,1683450493146197800,0.0,0,42.49,33.789
1,197.0,1683450494146494800,0.0,0,42.2,33.789
1,198.0,1683450495146496800,0.0,0,42.168,33.789
1,199.0,1683450496147462100,0.0,0,42.039,33.789
1,200.0,1683450497147464100,0.0,0,41.846,33.789
1,201.0,1683450498148386500,0.0,0,41.846,33.789
1,202.0,1683450499148965900,0.0,0,41.556,33.789
1,203.0,1683450500149736000,0.0,0,41.523,33.789
1,204.0,1683450501150139300,0.0,0,41.523,33.789
1,205.0,1683450502150621400,0.0,0,41.233,33.789
1,206.0,1683450503151193600,0.0,0,41.201,33.789
1,207.0,1683450504152137400,0.0,0,41.169,33.789
1,208.0,1683450505152905900,0.0,0,40.879,33.789
1,209.0,1683450506153222700,0.0,0,40.879,33.789
1,210.0,1683450507153586100,0.0,0,40.621,33.789
1,211.0,1683450508154451400,0.0,0,40.557,33.789
1,212.0,1683450509155391600,0.0,0,40.557,33.628
1,213.0,1683450510155854000,0.0,0,40.299,33.467
1,214.0,1683450511156755000,0.0,0,40.234,33.467
1,215.0,1683450512157345700,0.0,0,40.234,33.467
1,216.0,1683450513157386000,0.0,0,39.912,33.467
1,217.0,1683450514157548400,0.0,0,39.912,33.467
1,218.0,1683450515158273900,0.0,0,39.912,33.467
1,219.0,1683450516158306600,0.0,0,39.59,33.467
1,220.0,1683450517158973200,0.0,0,39.59,33.467
1,221.0,1683450518159392600,0.0,0,39.59,33.467
1,222.0,1683450519159440400,0.0,0,39.268,33.467
1,223.0,1683450520159498300,0.0,0,39.268,33.435
1,224.0,1683450521160217900,0.0,0,39.268,33.306
1,225.0,1683450522160394400,0.0,0,38.945,33.177
1,226.0,1683450523160959800,0.0,0,38.945,33.145
1,227.0,1683450524161400100,0.0,0,38.913,33.145
1,228.0,1683450525162197600,0.0,0,38.623,33.145
1,229.0,1683450526162765200,0.0,0,38.623,33.145
1,230.0,1683450527162823200,0.0,0,38.623,33.145
1,231.0,1683450528163542300,0.0,0,38.301,33.145
1,232.0,1683450529163582300,0.0,0,38.301,33.145
1,233.0,1683450530163630100,0.0,0,38.301,33.145
1,234.0,1683450531164506000,0.0,0,38.011,33.145
1,235.0,1683450532165345400,0.0,0,37.979,33.112
1,236.0,1683450533165632800,0.0,0,37.979,32.887
1,237.0,1683450534166438500,0.0,0,37.914,32.822
1,238.0,1683450535166800000,0.0,0,37.656,32.822
1,239.0,1683450536197551100,0.0,0,37.656,32.822
1,240.0,1683450537197759500,0.0,0,37.656,32.822
1,241.0,1683450538198109800,0.0,0,37.431,32.822
1,242.0,1683450539198405300,0.0,0,37.334,32.822
1,243.0,1683450540198811700,0.0,0,37.334,32.822
1,244.0,1683450541199499500,0.0,0,37.334,32.79
1,245.0,1683450542200358200,0.0,0,37.012,32.822
1,246.0,1683450543200361800,0.0,0,37.012,32.661
1,247.0,1683450544200515600,0.0,0,37.012,32.629
1,248.0,1683450545200946600,0.0,0,36.754,32.5
1,249.0,1683450546201524300,0.0,0,36.689,32.5
1,250.0,1683450547202495100,0.0,0,36.689,32.5
1,251.0,1683450548203359900,0.0,0,36.689,32.5
1,252.0,1683450549203897100,0.0,0,36.367,32.5
1,253.0,1683450550204134100,0.0,0,36.367,32.5
1,254.0,1683450551205066800,0.0,0,36.367,32.5
1,255.0,1683450552205800900,0.0,0,36.303,32.5
1,256.0,1683450553205858100,0.0,0,36.077,32.5
1,257.0,1683450554206597600,0.0,0,36.045,32.5
1,258.0,1683450555207119000,0.0,0,35.98,32.403
1,259.0,1683450556207425600,0.0,0,35.787,32.403
1,260.0,1683450557208467700,0.0,0,35.723,32.178
1,261.0,1683450558208571400,0.0,0,35.723,32.178
1,262.0,1683450559209428200,0.0,0,35.723,32.178
1,263.0,1683450560210372800,0.0,0,35.529,32.178
1,264.0,1683450561211086000,0.0,0,35.4,32.178
1,265.0,1683450562211302900,0.0,0,35.4,32.178
1,266.0,1683450563212026200,0.0,0,35.4,32.178
1,267.0,1683450564212691100,0.0,0,35.271,32.146
1,268.0,1683450565212726000,0.0,0,35.078,32.178
1,269.0,1683450566212792000,0.0,0,35.078,32.081
1,270.0,1683450567213282300,0.0,0,35.078,31.888
1,271.0,1683450568213876000,0.0,0,35.078,31.888
1,272.0,1683450569214264900,0.0,0,34.788,31.855
1,273.0,1683450570214331500,0.0,0,34.756,31.855
1,274.0,1683450571214536500,0.0,0,34.756,31.855
1,275.0,1683450572215353200,0.0,0,34.756,31.855
1,276.0,1683450573216098900,0.0,0,34.627,31.855
1,277.0,1683450574216903300,0.0,0,34.466,31.855
1,278.0,1683450575217668100,0.0,0,34.434,31.855
1,279.0,1683450576217705100,0.0,0,34.434,31.855
1,280.0,1683450577217925300,0.0,0,34.434,31.727
1,281.0,1683450578217979200,0.0,0,34.208,31.565
1,282.0,1683450579218751200,0.0,0,34.111,31.533
1,283.0,1683450580219451900,0.0,0,34.111,31.533
1,284.0,1683450581220087800,0.0,0,34.111,31.533
1,285.0,1683450582220980900,0.0,0,34.079,31.533
1,286.0,1683450583221201800,0.0,0,33.821,31.533
1,287.0,1683450584221275900,0.0,0,33.789,31.533
1,288.0,1683450585222124300,0.0,0,33.789,31.533
1,289.0,1683450586222177600,0.0,0,33.789,31.437
1,290.0,1683450587223037200,0.0,0,33.757,31.34
1,291.0,1683450588223687100,0.0,0,33.531,31.243
1,292.0,1683450589223725400,0.0,0,33.467,31.211
1,293.0,1683450590224556700,0.0,0,33.467,31.211
1,294.0,1683450591224909000,0.0,0,33.467,31.211
1,295.0,1683450592225236000,0.0,0,33.467,31.211
1,296.0,1683450593226164500,0.0,0,33.37,31.211
1,297.0,1683450594226197400,0.0,0,33.145,31.211
1,298.0,1683450595227083900,0.0,0,33.145,31.211
1,299.0,1683450596228037900,0.0,0,33.145,31.211
1,300.0,1683450597228265700,0.0,0,33.145,31.114
1,301.0,1683450598228339300,0.0,0,33.145,31.082
1,302.0,1683450599229078300,0.0,0,33.08,30.953
1,303.0,1683450600229214900,0.0,0,32.822,30.889
1,304.0,1683450601229898400,0.0,0,32.822,30.889
1,305.0,1683450602230624200,0.0,0,32.822,30.889
1,306.0,1683450603231123600,0.0,0,32.822,30.889
1,307.0,1683450604231630100,0.0,0,32.822,30.889
1,308.0,1683450605231831700,0.0,0,32.726,30.889
1,309.0,1683450606231962500,0.0,0,32.564,30.889
1,310.0,1683450607232357800,0.0,0,32.5,30.856
1,311.0,1683450608232475100,0.0,0,32.5,30.792
1,312.0,1683450609232835100,0.0,0,32.5,30.663
1,313.0,1683450610232877000,0.0,0,32.5,30.566
1,314.0,1683450611233152000,0.0,0,32.468,30.566
1,315.0,1683450612233704600,0.0,0,32.468,30.566
1,316.0,1683450613234306200,0.0,0,32.178,30.566
1,317.0,1683450614235124800,0.0,0,32.178,30.566
1,318.0,1683450615235725100,0.0,0,32.178,30.566
1,319.0,1683450616236102500,0.0,0,32.178,30.566
1,320.0,1683450617236808600,0.0,0,32.178,30.566
1,321.0,1683450618236934300,0.0,0,31.984,30.373
1,322.0,1683450619237753700,0.0,0,31.855,30.276
1,323.0,1683450620237980800,0.0,0,31.855,30.276
1,324.0,1683450621238130200,0.0,0,31.855,30.244
1,325.0,1683450622239028800,0.0,0,31.855,30.244
1,326.0,1683450623239980600,0.0,0,31.823,30.244
1,327.0,1683450624240958300,0.0,0,31.823,30.244
1,328.0,1683450625241328400,0.0,0,31.533,30.244
1,329.0,1683450626241973100,0.0,0,31.533,30.244
1,330.0,1683450627242339000,0.0,0,31.533,30.18
1,331.0,1683450628242640000,0.0,0,31.533,30.115
1,332.0,1683450629243395200,0.0,0,31.533,30.083
1,333.0,1683450630244013400,0.0,0,31.533,29.922
1,334.0,1683450631244486200,0.0,0,31.34,29.922
1,335.0,1683450632245228000,0.0,0,31.308,29.922
1,336.0,1683450633245480100,0.0,0,31.211,29.922
1,337.0,1683450634245897300,0.0,0,31.211,29.922
1,338.0,1683450635246662200,0.0,0,31.211,29.922
1,339.0,1683450636247230900,0.0,0,31.211,29.922
1,340.0,1683450637247309000,0.0,0,31.211,29.922
1,341.0,1683450638248336700,0.0,0,31.146,29.922
1,342.0,1683450639248850700,0.0,0,31.018,29.89
1,343.0,1683450640249203200,0.0,0,30.921,29.793
1,344.0,1683450641249626600,0.0,0,30.889,29.6
1,345.0,1683450642250420900,0.0,0,30.889,29.632
1,346.0,1683450643250884500,0.0,0,30.889,29.6
1,347.0,1683450644251237000,0.0,0,30.889,29.6
1,348.0,1683450645251575100,0.0,0,30.856,29.6
1,349.0,1683450646252504800,0.0,0,30.76,29.6
1,350.0,1683450647253377900,0.0,0,30.631,29.6
1,351.0,1683450648253515400,0.0,0,30.566,29.6
1,352.0,1683450649253560000,0.0,0,30.566,29.6
1,353.0,1683450650254447300,0.0,0,30.566,29.6
1,354.0,1683450651254918900,0.0,0,30.566,29.567
1,355.0,1683450652255288500,0.0,0,30.566,29.471
1,356.0,1683450653255687800,0.0,0,30.566,29.438
1,357.0,1683450654255953600,0.0,0,30.502,29.277
1,358.0,1683450655256366400,0.0,0,30.47,29.277
1,359.0,1683450656257261100,0.0,0,30.276,29.277
2,0.0,1683450657406069000,0.0,0,30.244,29.277
2,1.0,1683450658406219900,0.0,0,30.244,29.277
2,2.0,1683450659406715000,0.0,0,30.244,29.277
2,3.0,1683450660406927500,0.0,0,30.244,29.277
2,4.0,1683450661407873800,0.0,0,30.244,29.277
2,5.0,1683450662408403100,0.0,0,30.244,29.245
2,6.0,1683450663408875200,0.0,0,30.244,29.213
2,7.0,1683450664409014200,0.0,0,30.147,29.052
2,8.0,1683450665409889100,0.0,0,29.922,29.116
2,9.0,1683450666410498700,0.0,0,29.954,28.987
2,10.0,1683450667410893200,0.0,0,29.922,28.955
2,11.0,1683450668411629800,0.0,0,29.922,28.955
2,12.0,1683450669411882300,0.0,0,29.922,28.955
2,13.0,1683450670412186600,0.0,0,29.922,28.955
2,14.0,1683450671413073000,0.0,0,29.922,28.955
2,15.0,1683450672413924000,0.0,0,29.922,28.955
2,16.0,1683450673414283900,0.0,0,29.89,28.955
2,17.0,1683450674414361800,0.0,0,29.825,28.955
2,18.0,1683450675414897700,0.0,0,29.6,28.955
2,19.0,1683450676415363200,0.0,0,29.6,28.826
2,20.0,1683450677415586600,0.0,0,29.6,28.762
2,21.0,1683450678416529100,100.0,0,29.6,28.665
2,22.0,1683450679417046900,100.0,0,29.6,28.729
2,23.0,1683450680417571800,100.0,0,29.6,28.665
2,24.0,1683450681417675800,100.0,0,29.6,28.633
2,25.0,1683450682418412000,100.0,0,29.6,28.633
2,26.0,1683450683419411800,100.0,0,29.6,28.633
2,27.0,1683450684420012800,100.0,0,29.6,28.633
2,28.0,1683450685420625200,100.0,0,29.6,28.633
2,29.0,1683450686421568600,100.0,0,29.632,28.633
2,30.0,1683450687422173400,100.0,0,29.89,28.633
2,31.0,1683450688423020900,100.0,0,29.922,28.633
2,32.0,1683450689423848900,100.0,0,30.115,28.601
2,33.0,1683450690424004600,100.0,0,30.244,28.568
2,34.0,1683450691424536900,100.0,0,30.534,28.536
2,35.0,1683450692425049000,100.0,0,30.566,28.536
2,36.0,1683450693425613200,100.0,0,30.889,28.375
2,37.0,1683450694426323900,100.0,0,31.211,28.343
2,38.0,1683450695427059300,100.0,0,31.211,28.343
2,39.0,1683450696427849700,100.0,0,31.533,28.311
2,40.0,1683450697428693800,100.0,0,31.855,28.311
2,41.0,1683450698428815900,100.0,0,32.178,28.311
2,42.0,1683450699428837100,100.0,0,32.5,28.311
2,43.0,1683450700429266500,100.0,0,32.661,28.311
2,44.0,1683450701429687400,100.0,0,32.887,28.311
2,45.0,1683450702430593400,100.0,0,33.177,28.311
2,46.0,1683450703431221800,100.0,0,33.531,28.311
2,47.0,1683450704431851900,100.0,0,33.821,28.311
2,48.0,1683450705432304400,100.0,0,34.144,28.311
2,49.0,1683450706432917100,100.0,0,34.659,28.311
2,50.0,1683450707433408300,100.0,0,34.949,28.311
2,51.0,1683450708433716400,100.0,0,35.304,28.311
2,52.0,1683450709434111700,100.0,0,35.723,28.311
2,53.0,1683450710434959400,100.0,0,36.013,28.311
2,54.0,1683450711435762600,100.0,0,36.367,28.311
2,55.0,1683450712435830500,100.0,0,36.689,28.311
2,56.0,1683450713436160100,100.0,0,37.012,28.311
2,57.0,1683450714436334200,100.0,0,37.334,28.343
2,58.0,1683450715437298500,100.0,0,37.656,28.439
2,59.0,1683450716437968400,100.0,0,37.979,28.407
2,60.0,1683450717438549000,100.0,0,38.301,28.633
2,61.0,1683450718438923800,100.0,0,38.688,28.633
2,62.0,1683450719439532100,100.0,0,39.139,28.633
2,63.0,1683450720439997900,100.0,0,39.525,28.633
2,64.0,1683450721440196700,100.0,0,39.912,28.633
2,65.0,1683450722440493600,100.0,0,40.234,28.633
2,66.0,1683450723441070700,100.0,0,40.557,28.633
2,67.0,1683450724441743500,100.0,0,40.879,28.633
2,68.0,1683450725442114400,100.0,0,41.201,28.729
2,69.0,1683450726442146500,100.0,0,41.523,28.858
2,70.0,1683450727442367600,100.0,0,41.91,28.955
2,71.0,1683450728442869200,100.0,0,42.232,28.955
2,72.0,1683450729442878500,100.0,0,42.651,28.955
2,73.0,1683450730443370000,100.0,0,43.038,28.955
2,74.0,1683450731443554800,100.0,0,43.36,28.955
2,75.0,1683450732443814200,100.0,0,43.779,28.987
2,76.0,1683450733444441200,100.0,0,44.102,29.245
2,77.0,1683450734444734200,100.0,0,44.424,29.277
2,78.0,1683450735445281900,100.0,0,44.746,29.277
2,79.0,1683450736448559200,100.0,0,45.068,29.277
2,80.0,1683450737449077800,100.0,0,45.391,29.277
2,81.0,1683450738449579900,100.0,0,45.713,29.342
2,82.0,1683450739450460300,100.0,0,46.035,29.503
2,83.0,1683450740464293500,100.0,0,46.357,29.6
2,84.0,1683450741464538500,100.0,0,46.68,29.6
2,85.0,1683450742464964900,100.0,0,47.002,29.6
2,86.0,1683450743478253400,100.0,0,47.324,29.664
2,87.0,1683450744493471900,100.0,0,47.646,29.89
2,88.0,1683450745494268000,100.0,0,47.969,29.922
2,89.0,1683450746507789200,100.0,0,48.291,29.922
2,90.0,1683450747508068700,100.0,0,48.613,29.922
2,91.0,1683450748508149500,100.0,0,48.936,30.147
2,92.0,1683450749508655500,100.0,0,49.258,30.244
2,93.0,1683450750523158600,100.0,0,49.645,30.244
2,94.0,1683450751524102700,100.0,0,49.935,30.244
2,95.0,1683450752524454000,100.0,0,50.289,30.502
2,96.0,1683450753535901900,100.0,0,50.676,30.566
2,97.0,1683450754538387800,100.0,0,50.966,30.566
2,98.0,1683450755539063200,100.0,0,51.224,30.566
2,99.0,1683450756551652600,100.0,0,51.514,30.856
2,100.0,1683450757551910200,100.0,0,51.836,30.889
2,101.0,1683450758552215700,0.0,0,52.158,30.889
2,102.0,1683450759552952700,0.0,0,52.48,30.889
2,103.0,1683450760553876400,0.0,0,52.803,30.985
2,104.0,1683450761565429300,0.0,0,53.061,31.211
2,105.0,1683450762565544700,0.0,0,53.157,31.211
2,106.0,1683450763565923900,0.0,0,53.447,31.211
2,107.0,1683450764565955700,0.0,0,53.77,31.211
2,108.0,1683450765581177700,0.0,0,53.802,31.372
2,109.0,1683450766595673600,0.0,0,54.092,31.533
2,110.0,1683450767595920900,0.0,0,54.156,31.533
2,111.0,1683450768610503000,0.0,0,54.414,31.533
2,112.0,1683450769610623400,0.0,0,54.414,31.694
2,113.0,1683450770611163800,0.0,0,54.672,31.855
2,114.0,1683450771612067600,0.0,0,54.736,31.855
2,115.0,1683450772612248600,0.0,0,54.736,31.952
2,116.0,1683450773612986700,0.0,0,54.736,32.178
2,117.0,1683450774613347400,0.0,0,54.736,32.178
2,118.0,1683450775614139800,0.0,0,54.736,32.339
2,119.0,1683450776614633200,0.0,0,54.672,32.5
2,120.0,1683450777620794100,0.0,0,54.607,32.5
2,121.0,1683450778621001700,0.0,0,54.575,32.5
2,122.0,1683450779621751200,0.0,0,54.414,32.5
2,123.0,1683450780622472000,0.0,0,54.414,32.532
2,124.0,1683450781622790100,0.0,0,54.414,32.758
2,125.0,1683450782623025500,0.0,0,54.092,32.822
2,126.0,1683450783623336400,0.0,0,54.092,32.822
2,127.0,1683450784623827000,0.0,0,53.995,32.822
2,128.0,1683450785624062800,0.0,0,53.77,32.919
2,129.0,1683450786628526700,0.0,0,53.77,33.145
2,130.0,1683450787630942800,0.0,0,53.447,33.145
2,131.0,1683450788631206100,0.0,0,53.447,33.145
2,132.0,1683450789632010000,0.0,0,53.189,33.145
2,133.0,1683450790632131700,0.0,0,53.125,33.241
2,134.0,1683450791632766700,0.0,0,52.996,33.402
2,135.0,1683450792633157100,0.0,0,52.803,33.467
2,136.0,1683450793633304300,0.0,0,52.738,33.467
2,137.0,1683450794633541300,0.0,0,52.48,33.467
2,138.0,1683450795633795700,0.0,0,52.48,33.467
2,139.0,1683450796634256900,0.0,0,52.158,33.725
2,140.0,1683450797634916400,0.0,0,51.965,33.757
2,141.0,1683450798635884000,0.0,0,51.836,33.789
2,142.0,1683450799638072900,0.0,0,51.514,33.789
2,143.0,1683450800638832200,0.0,0,51.514,33.789
2,144.0,1683450801639332300,0.0,0,51.191,33.789
2,145.0,1683450802639499200,0.0,0,51.191,33.789
2,146.0,1683450803639601100,0.0,0,50.869,33.789
2,147.0,1683450804640431500,0.0,0,50.547,33.757
2,148.0,1683450805650682100,0.0,0,50.547,33.789
2,149.0,1683450806650738500,0.0,0,50.289,33.789
2,150.0,1683450807651402300,0.0,0,50.225,33.789
2,151.0,1683450808653361900,0.0,0,49.935,33.789
2,152.0,1683450809653504200,0.0,0,49.902,33.789
2,153.0,1683450810665567700,0.0,0,49.645,33.789
2,154.0,1683450811665834600,0.0,0,49.58,33.789
2,155.0,1683450812666530500,0.0,0,49.258,33.789
2,156.0,1683450813667249100,0.0,0,49.258,33.789
2,157.0,1683450814678013900,0.0,0,48.936,33.789
2,158.0,1683450815678709800,0.0,0,48.936,33.918
2,159.0,1683450816678915500,0.0,0,48.613,33.918
2,160.0,1683450817679530800,0.0,0,48.452,34.079
2,161.0,1683450818689671200,0.0,0,48.291,34.047
2,162.0,1683450819689764500,0.0,0,48.065,34.111
2,163.0,1683450820690428100,0.0,0,47.969,34.111
2,164.0,1683450821690590400,0.0,0,47.808,34.111
2,165.0,1683450822690679000,0.0,0,47.646,34.111
2,166.0,1683450823704568700,0.0,0,47.453,34.111
2,167.0,1683450824705190700,0.0,0,47.324,34.111
2,168.0,1683450825705299400,0.0,0,47.195,34.111
2,169.0,1683450826720029900,0.0,0,47.002,34.111
2,170.0,1683450827733991500,0.0,0,46.68,34.111
2,171.0,1683450828734178700,0.0,0,46.68,34.111
2,172.0,1683450829735199400,0.0,0,46.422,34.111
2,173.0,1683450830748040300,0.0,0,46.357,34.111
2,174.0,1683450831748320700,0.0,0,46.132,34.111
2,175.0,1683450832762707000,0.0,0,46.035,34.111
2,176.0,1683450833764968400,0.0,0,45.745,34.111
2,177.0,1683450834772458100,0.0,0,45.713,34.111
2,178.0,1683450835772857200,0.0,0,45.391,34.111
2,179.0,1683450836773686600,0.0,0,45.358,34.111
2,180.0,1683450837777903500,0.0,0,45.101,34.111
2,181.0,1683450838778657200,0.0,0,45.068,34.111
2,182.0,1683450839782677600,0.0,0,44.907,34.111
2,183.0,1683450840784963500,0.0,0,44.746,34.111
2,184.0,1683450841787076200,0.0,0,44.585,34.111
2,185.0,1683450842787921700,0.0,0,44.424,34.111
2,186.0,1683450843788366800,0.0,0,44.295,34.111
2,187.0,1683450844788636800,0.0,0,44.102,34.111
2,188.0,1683450845789048500,0.0,0,44.069,34.111
2,189.0,1683450846789957300,0.0,0,43.779,34.111
2,190.0,1683450847800820600,0.0,0,43.779,34.111
2,191.0,1683450848801735100,0.0,0,43.457,34.111
2,192.0,1683450849802464000,0.0,0,43.457,34.111
2,193.0,1683450850803392900,0.0,0,43.328,34.111
2,194.0,1683450851806465600,0.0,0,43.135,34.111
2,195.0,1683450852807451400,0.0,0,43.135,34.111
2,196.0,1683450853807472200,0.0,0,42.813,34.047
2,197.0,1683450854813048300,0.0,0,42.813,34.047
2,198.0,1683450855814037100,0.0,0,42.651,33.854
2,199.0,1683450856814304200,0.0,0,42.49,33.821
2,200.0,1683450857814921900,0.0,0,42.49,33.789
2,201.0,1683450858821363900,0.0,0,42.168,33.789
2,202.0,1683450859861408200,0.0,0,42.168,33.789
2,203.0,1683450860863832200,0.0,0,42.039,33.789
2,204.0,1683450861878155000,0.0,0,41.846,33.789
2,205.0,1683450862879148400,0.0,0,41.846,33.789
2,206.0,1683450863894581700,0.0,0,41.523,33.789
2,207.0,1683450864908969600,0.0,0,41.523,33.789
2,208.0,1683450865909050900,0.0,0,41.395,33.789
2,209.0,1683450866909922100,0.0,0,41.201,33.789
2,210.0,1683450867910678800,0.0,0,41.201,33.789
2,211.0,1683450868924083600,0.0,0,40.879,33.789
2,212.0,1683450869924557000,0.0,0,40.879,33.789
2,213.0,1683450870925498700,0.0,0,40.847,33.789
2,214.0,1683450871935742900,0.0,0,40.557,33.757
2,215.0,1683450872936147400,0.0,0,40.557,33.692
2,216.0,1683450873947343900,0.0,0,40.524,33.499
2,217.0,1683450874950233400,0.0,0,40.234,33.467
2,218.0,1683450875950749300,0.0,0,40.234,33.467
2,219.0,1683450876952060500,0.0,0,40.17,33.467
2,220.0,1683450877952469900,0.0,0,39.912,33.467
2,221.0,1683450878952926300,0.0,0,39.912,33.467
2,222.0,1683450879953410100,0.0,0,39.912,33.467
2,223.0,1683450880960850800,0.0,0,39.59,33.467
2,224.0,1683450881961297200,0.0,0,39.59,33.467
2,225.0,1683450882961493900,0.0,0,39.59,33.467
2,226.0,1683450883962120100,0.0,0,39.268,33.467
2,227.0,1683450884962486600,0.0,0,39.268,33.467
2,228.0,1683450885971036600,0.0,0,39.268,33.402
2,229.0,1683450886971422300,0.0,0,38.945,33.241
2,230.0,1683450887971809300,0.0,0,38.945,33.209
2,231.0,1683450888972667600,0.0,0,38.945,33.145
2,232.0,1683450889973405300,0.0,0,38.623,33.145
2,233.0,1683450890973953800,0.0,0,38.623,33.145
2,234.0,1683450891974126900,0.0,0,38.559,33.145
2,235.0,1683450892986744000,0.0,0,38.301,33.145
2,236.0,1683450893987187800,0.0,0,38.301,33.145
2,237.0,1683450894988011400,0.0,0,38.301,33.145
2,238.0,1683450895988226900,0.0,0,38.011,33.145
2,239.0,1683450896988570900,0.0,0,37.979,33.112
2,240.0,1683450897995926400,0.0,0,37.979,32.983
2,241.0,1683450898996133700,0.0,0,37.882,32.887
2,242.0,1683450899996211600,0.0,0,37.656,32.822
2,243.0,1683450900997169800,0.0,0,37.656,32.822
2,244.0,1683450902001002800,0.0,0,37.656,32.822
2,245.0,1683450903006922500,0.0,0,37.56,32.822
2,246.0,1683450904006999300,0.0,0,37.334,32.822
2,247.0,1683450905010860500,0.0,0,37.334,32.822
2,248.0,1683450906011766900,0.0,0,37.334,32.822
2,249.0,1683450907012160000,0.0,0,37.044,32.758
2,250.0,1683450908013013200,0.0,0,37.012,32.597
2,251.0,1683450909013430800,0.0,0,37.012,32.532
2,252.0,1683450910014000900,0.0,0,36.979,32.5
2,253.0,1683450911014219100,0.0,0,36.689,32.5
2,254.0,1683450912022752400,0.0,0,36.689,32.5
2,255.0,1683450913023342300,0.0,0,36.689,32.5
2,256.0,1683450914023709400,0.0,0,36.496,32.5
2,257.0,1683450915029133100,0.0,0,36.367,32.5
2,258.0,1683450916029323800,0.0,0,36.367,32.5
2,259.0,1683450917029481800,0.0,0,36.367,32.5
2,260.0,1683450918043730200,0.0,0,36.142,32.5
2,261.0,1683450919044328700,0.0,0,36.045,32.307
2,262.0,1683450920053490300,0.0,0,36.045,32.178
2,263.0,1683450921067263200,0.0,0,36.045,32.178
2,264.0,1683450922067951800,0.0,0,35.852,32.178
2,265.0,1683450923068190700,0.0,0,35.723,32.178
2,266.0,1683450924083744000,0.0,0,35.723,32.178
2,267.0,1683450925084513000,0.0,0,35.594,32.178
2,268.0,1683450926084678800,0.0,0,35.529,32.178
2,269.0,1683450927085186800,0.0,0,35.4,32.178
2,270.0,1683450928085957800,0.0,0,35.4,32.178
2,271.0,1683450929095735100,0.0,0,35.4,31.888
2,272.0,1683450930095961800,0.0,0,35.368,31.855
2,273.0,1683450931096198500,0.0,0,35.175,31.855
2,274.0,1683450932096578400,0.0,0,35.078,31.855
2,275.0,1683450933108448200,0.0,0,35.078,31.855
2,276.0,1683450934111671500,0.0,0,35.046,31.855
2,277.0,1683450935111909300,0.0,0,34.82,31.855
2,278.0,1683450936111914000,0.0,0,34.756,31.855
2,279.0,1683450937112396300,0.0,0,34.756,31.791
2,280.0,1683450938125494900,0.0,0,34.756,31.662
2,281.0,1683450939140637100,0.0,0,34.724,31.565
2,282.0,1683450940141064100,0.0,0,34.498,31.533
2,283.0,1683450941154153500,0.0,0,34.434,31.533
2,284.0,1683450942154470300,0.0,0,34.434,31.533
2,285.0,1683450943155412400,0.0,0,34.434,31.533
2,286.0,1683450944155989600,0.0,0,34.434,31.533
2,287.0,1683450945156446000,0.0,0,34.111,31.533
2,288.0,1683450946156637200,0.0,0,34.111,31.533
2,289.0,1683450947167220500,0.0,0,34.111,31.533
2,290.0,1683450948168184500,0.0,0,34.111,31.372
2,291.0,1683450949168347300,0.0,0,34.047,31.211
2,292.0,1683450950168571700,0.0,0,33.821,31.211
2,293.0,1683450951169436700,0.0,0,33.789,31.211
2,294.0,1683450952169747000,0.0,0,33.789,31.211
2,295.0,1683450953179352800,0.0,0,33.789,31.211
2,296.0,1683450954180126700,0.0,0,33.789,31.211
2,297.0,1683450955181017200,0.0,0,33.692,31.211
2,298.0,1683450956181789800,0.0,0,33.467,31.211
2,299.0,1683450957182036300,0.0,0,33.467,31.05
2,300.0,1683450958193330000,0.0,0,33.467,30.921
2,301.0,1683450959193538000,0.0,0,33.467,30.889
2,302.0,1683450960193902800,0.0,0,33.306,30.889
2,303.0,1683450961194161600,0.0,0,33.145,30.889
2,304.0,1683450962194188700,0.0,0,33.145,30.889
2,305.0,1683450963194265600,0.0,0,33.145,30.889
2,306.0,1683450964203861400,0.0,0,33.145,30.889
2,307.0,1683450965203937800,0.0,0,33.145,30.889
2,308.0,1683450966218586300,0.0,0,33.048,30.856
2,309.0,1683450967221913400,0.0,0,32.822,30.792
2,310.0,1683450968223303400,0.0,0,32.822,30.856
2,311.0,1683450969224174400,0.0,0,32.822,30.631
2,312.0,1683450970228294900,0.0,0,32.822,30.566
2,313.0,1683450971231633700,0.0,0,32.822,30.566
2,314.0,1683450972231679700,0.0,0,32.5,30.566
2,315.0,1683450973234436100,0.0,0,32.532,30.566
2,316.0,1683450974234792500,0.0,0,32.5,30.566
2,317.0,1683450975235236200,0.0,0,32.5,30.566
2,318.0,1683450976238720600,0.0,0,32.5,30.566
2,319.0,1683450977239280300,0.0,0,32.5,30.566
2,320.0,1683450978241389600,0.0,0,32.468,30.566
2,321.0,1683450979242353500,0.0,0,32.307,30.502
2,322.0,1683450980243267200,0.0,0,32.178,30.405
2,323.0,1683450981244072400,0.0,0,32.178,30.276
2,324.0,1683450982244709600,0.0,0,32.178,30.244
2,325.0,1683450983245430400,0.0,0,32.178,30.244
2,326.0,1683450984245557300,0.0,0,32.146,30.244
2,327.0,1683450985245658200,0.0,0,31.855,30.244
2,328.0,1683450986255979600,0.0,0,31.855,30.244
2,329.0,1683450987256475300,0.0,0,31.855,30.244
2,330.0,1683450988257237900,0.0,0,31.855,30.244
2,331.0,1683450989258227900,0.0,0,31.855,30.244
2,332.0,1683450990258635700,0.0,0,31.855,30.244
2,333.0,1683450991259182600,0.0,0,31.791,30.18
2,334.0,1683450992268220200,0.0,0,31.727,30.019
2,335.0,1683450993268383200,0.0,0,31.533,29.954
2,336.0,1683450994269093700,0.0,0,31.533,29.922
2,337.0,1683450995269736900,0.0,0,31.533,29.922
2,338.0,1683450996270625600,0.0,0,31.533,29.922
2,339.0,1683450997274568100,0.0,0,31.533,29.922
2,340.0,1683450998274964500,0.0,0,31.533,29.922
2,341.0,1683450999275168400,0.0,0,31.211,29.922
2,342.0,1683451000275205500,0.0,0,31.372,29.922
2,343.0,1683451001275900300,0.0,0,31.211,29.922
2,344.0,1683451002280083900,0.0,0,31.211,29.922
2,345.0,1683451003281409700,0.0,0,31.211,29.825
2,346.0,1683451004281878800,0.0,0,31.211,29.696
2,347.0,1683451005283587300,0.0,0,31.211,29.729
2,348.0,1683451006286786900,0.0,0,31.179,29.6
2,349.0,1683451007287729900,0.0,0,31.211,29.6
2,350.0,1683451008290650200,0.0,0,31.146,29.6
2,351.0,1683451009290828900,0.0,0,30.985,29.6
2,352.0,1683451010294141400,0.0,0,30.889,29.6
2,353.0,1683451011294884300,0.0,0,30.889,29.6
2,354.0,1683451012297090900,0.0,0,30.889,29.6
2,355.0,1683451013297703300,0.0,0,30.889,29.6
2,356.0,1683451014297856200,0.0,0,30.889,29.6
2,357.0,1683451015298075600,0.0,0,30.889,29.567
2,358.0,1683451016302669700,0.0,0,30.792,29.31
2,359.0,1683451017303042900,0.0,0,30.824,29.342
3,0.0,1683451018435962400,0.0,0,30.566,29.277
3,1.0,1683451019436423500,0.0,0,30.566,29.277
3,2.0,1683451020437249000,0.0,0,30.566,29.277
3,3.0,1683451021437845000,0.0,0,30.566,29.277
3,4.0,1683451022438204400,0.0,0,30.566,29.277
3,5.0,1683451023448044200,0.0,0,30.566,29.277
3,6.0,1683451024449029800,0.0,0,30.566,29.277
3,7.0,1683451025449337800,0.0,0,30.566,29.277
3,8.0,1683451026463484100,0.0,0,30.373,29.277
3,9.0,1683451027463714800,0.0,0,30.276,29.116
3,10.0,1683451028464265300,0.0,0,30.244,29.245
3,11.0,1683451029476207100,0.0,0,30.244,28.987
3,12.0,1683451030476906900,0.0,0,30.244,28.955
3,13.0,1683451031477862300,0.0,0,30.244,28.955
3,14.0,1683451032490677500,0.0,0,30.244,28.955
3,15.0,1683451033504330700,0.0,0,30.244,28.955
3,16.0,1683451034504869600,0.0,0,30.244,28.955
3,17.0,1683451035505776000,0.0,0,30.147,28.955
3,18.0,1683451036506198300,0.0,0,30.051,28.955
3,19.0,1683451037506486200,0.0,0,29.922,28.955
3,20.0,1683451038507111500,0.0,0,29.922,28.955
3,21.0,1683451039507410800,100.0,0,29.922,28.955
3,22.0,1683451040508092700,100.0,0,29.922,28.955
3,23.0,1683451041508548800,100.0,0,29.922,28.955
3,24.0,1683451042508724800,100.0,0,29.922,28.955
3,25.0,1683451043516968600,100.0,0,29.922,28.794
3,26.0,1683451044517679300,100.0,0,29.922,28.729
3,27.0,1683451045518513800,100.0,0,29.922,28.729
3,28.0,1683451046519161000,100.0,0,29.922,28.633
3,29.0,1683451047530932100,100.0,0,30.115,28.633
3,30.0,1683451048531136400,100.0,0,30.244,28.633
3,31.0,1683451049533740900,100.0,0,30.244,28.633
3,32.0,1683451050533830900,100.0,0,30.47,28.633
3,33.0,1683451051534214000,100.0,0,30.566,28.633
3,34.0,1683451052542048500,100.0,0,30.792,28.633
3,35.0,1683451053542910300,100.0,0,30.921,28.633
3,36.0,1683451054543688500,100.0,0,31.211,28.633
3,37.0,1683451055557813300,100.0,0,31.533,28.633
3,38.0,1683451056558285800,100.0,0,31.759,28.633
3,39.0,1683451057558647700,100.0,0,31.855,28.601
3,40.0,1683451058559574000,100.0,0,32.178,28.568
3,41.0,1683451059572613800,100.0,0,32.5,28.472
3,42.0,1683451060573188200,100.0,0,32.822,28.504
3,43.0,1683451061573335600,100.0,0,33.145,28.568
3,44.0,1683451062573569300,100.0,0,33.467,28.472
3,45.0,1683451063586519300,100.0,0,33.789,28.504
3,46.0,1683451064587478100,100.0,0,34.111,28.439
3,47.0,1683451065587568300,100.0,0,34.434,28.343
3,48.0,1683451066588135500,100.0,0,34.756,28.375
3,49.0,1683451067597989700,100.0,0,35.078,28.439
3,50.0,1683451068598118800,100.0,0,35.4,28.439
3,51.0,1683451069598977100,100.0,0,35.723,28.439
3,52.0,1683451070599465000,100.0,0,36.045,28.439
3,53.0,1683451071599521600,100.0,0,36.367,28.601
3,54.0,1683451072599922200,100.0,0,36.689,28.633
3,55.0,1683451073600561000,100.0,0,37.012,28.633
3,56.0,1683451074608445400,100.0,0,37.366,28.633
3,57.0,1683451075609180300,100.0,0,37.656,28.633
3,58.0,1683451076610036200,100.0,0,37.979,28.633
3,59.0,1683451077610093400,100.0,0,38.559,28.633
3,60.0,1683451078615911300,100.0,0,38.945,28.633
3,61.0,1683451079617285500,100.0,0,39.268,28.633
3,62.0,1683451080617811200,100.0,0,39.59,28.633
3,63.0,1683451081620768200,100.0,0,39.912,28.665
3,64.0,1683451082621776000,100.0,0,40.234,28.729
3,65.0,1683451083621875300,100.0,0,40.557,28.794
3,66.0,1683451084622714900,100.0,0,40.879,28.955
3,67.0,1683451085623179400,100.0,0,41.33,28.955
3,68.0,1683451086623251500,100.0,0,41.685,28.955
3,69.0,1683451087623649900,100.0,0,42.104,28.955
3,70.0,1683451088630979300,100.0,0,42.458,28.955
3,71.0,1683451089631170200,100.0,0,42.813,28.955
3,72.0,1683451090631884600,100.0,0,43.103,29.181
3,73.0,1683451091632865300,100.0,0,43.457,29.277
3,74.0,1683451092633682300,100.0,0,43.779,29.277
3,75.0,1683451093638581300,100.0,0,44.102,29.277
3,76.0,1683451094638823400,100.0,0,44.424,29.277
3,77.0,1683451095643115600,100.0,0,44.746,29.277
3,78.0,1683451096644841300,100.0,0,45.262,29.342
3,79.0,1683451097645180500,100.0,0,45.648,29.567
3,80.0,1683451098645809200,100.0,0,46.035,29.6
3,81.0,1683451099651647100,100.0,0,46.357,29.6
3,82.0,1683451100651654700,100.0,0,46.68,29.6
3,83.0,1683451101652087200,100.0,0,46.97,29.6
3,84.0,1683451102658527700,100.0,0,47.292,29.664
3,85.0,1683451103659499700,100.0,0,47.646,29.922
3,86.0,1683451104659904400,100.0,0,47.969,29.922
3,87.0,1683451105660584800,100.0,0,48.291,29.922
3,88.0,1683451106660912300,100.0,0,48.613,29.954
3,89.0,1683451107670020200,100.0,0,48.936,30.051
3,90.0,1683451108671346300,100.0,0,49.193,30.244
3,91.0,1683451109672117700,100.0,0,49.548,30.244
3,92.0,1683451110672867900,100.0,0,49.87,30.244
3,93.0,1683451111673665000,100.0,0,50.16,30.244
3,94.0,1683451112674365100,100.0,0,50.482,30.566
3,95.0,1683451113675356700,100.0,0,50.676,30.566
3,96.0,1683451114676352000,100.0,0,51.159,30.566
3,97.0,1683451115683954700,100.0,0,51.385,30.631
3,98.0,1683451116685122000,100.0,0,51.675,30.889
3,99.0,1683451117685841900,100.0,0,51.836,30.889
3,100.0,1683451118689409400,100.0,0,52.158,30.889
3,101.0,1683451119690006200,0.0,0,52.48,30.889
3,102.0,1683451120690543100,0.0,0,52.803,31.179
3,103.0,1683451121691413200,0.0,0,53.125,31.211
3,104.0,1683451122695725000,0.0,0,53.415,31.211
3,105.0,1683451123696342400,0.0,0,53.479,31.211
3,106.0,1683451124696357000,0.0,0,53.77,31.501
3,107.0,1683451125696914800,0.0,0,54.092,31.533
3,108.0,1683451126697842200,0.0,0,54.124,31.533
3,109.0,1683451127704425800,0.0,0,54.414,31.533
3,110.0,1683451128704527500,0.0,0,54.543,31.855
3,111.0,1683451129705099300,0.0,0,54.736,31.855
3,112.0,1683451130705511000,0.0,0,54.736,31.855
3,113.0,1683451131706066700,0.0,0,54.93,32.017
3,114.0,1683451132712101700,0.0,0,55.059,32.178
3,115.0,1683451133713771900,0.0,0,55.059,32.178
3,116.0,1683451134714405500,0.0,0,55.059,32.21
3,117.0,1683451135717113200,0.0,0,55.059,32.5
3,118.0,1683451136717693400,0.0,0,55.059,32.5
3,119.0,1683451137718940400,0.0,0,55.059,32.5
3,120.0,1683451138719520900,0.0,0,55.059,32.5
3,121.0,1683451139720154000,0.0,0,55.026,32.822
3,122.0,1683451140724269900,0.0,0,54.962,32.822
3,123.0,1683451141726592900,0.0,0,55.059,32.822
3,124.0,1683451142727842800,0.0,0,54.833,32.887
3,125.0,1683451143727919000,0.0,0,54.736,33.145
3,126.0,1683451144728624800,0.0,0,54.736,33.145
3,127.0,1683451145732823300,0.0,0,54.446,33.145
3,128.0,1683451146733285800,0.0,0,54.414,33.145
3,129.0,1683451147737471400,0.0,0,54.35,33.241
3,130.0,1683451148740243300,0.0,0,54.092,33.467
3,131.0,1683451149741212100,0.0,0,54.027,33.467
3,132.0,1683451150741654900,0.0,0,53.77,33.467
3,133.0,1683451151745371000,0.0,0,53.77,33.467
3,134.0,1683451152745423300,0.0,0,53.447,33.499
3,135.0,1683451153748943200,0.0,0,53.383,33.725
3,136.0,1683451154751169600,0.0,0,53.125,33.789
3,137.0,1683451155751656800,0.0,0,53.125,33.789
3,138.0,1683451156754994200,0.0,0,52.803,33.789
3,139.0,1683451157757694600,0.0,0,52.706,33.789
3,140.0,1683451158760841300,0.0,0,52.48,33.821
3,141.0,1683451159762981500,0.0,0,52.287,33.95
3,142.0,1683451160765288100,0.0,0,52.158,34.111
3,143.0,1683451161765578700,0.0,0,51.836,34.111
3,144.0,1683451162768940100,0.0,0,51.836,34.111
3,145.0,1683451163772200500,0.0,0,51.514,34.111
3,146.0,1683451164772535400,0.0,0,51.514,34.111
3,147.0,1683451165775932800,0.0,0,51.191,34.305
3,148.0,1683451166778122200,0.0,0,51.191,34.401
3,149.0,1683451167778631200,0.0,0,50.869,34.434
3,150.0,1683451168779181000,0.0,0,50.869,34.434
3,151.0,1683451169785048500,0.0,0,50.547,34.434
3,152.0,1683451170785735600,0.0,0,50.547,34.434
3,153.0,1683451171790685600,0.0,0,50.225,34.434
3,154.0,1683451172792688800,0.0,0,49.935,34.434
3,155.0,1683451173793640500,0.0,0,49.902,34.434
3,156.0,1683451174797667900,0.0,0,49.58,34.434
3,157.0,1683451175799535600,0.0,0,49.58,34.434
3,158.0,1683451176799981300,0.0,0,49.258,34.434
3,159.0,1683451177800375100,0.0,0,49.097,34.498
3,160.0,1683451178800986200,0.0,0,48.936,34.595
3,161.0,1683451179801183600,0.0,0,48.678,34.595
3,162.0,1683451180805758900,0.0,0,48.613,34.724
3,163.0,1683451181806127000,0.0,0,48.291,34.724
3,164.0,1683451182810346500,0.0,0,48.291,34.724
3,165.0,1683451183812618600,0.0,0,47.969,34.756
3,166.0,1683451184812993600,0.0,0,47.872,34.756
3,167.0,1683451185813807700,0.0,0,47.646,34.756
3,168.0,1683451186816149300,0.0,0,47.55,34.756
3,169.0,1683451187816382700,0.0,0,47.324,34.756
3,170.0,1683451188816438800,0.0,0,47.228,34.756
3,171.0,1683451189816523600,0.0,0,47.002,34.756
3,172.0,1683451190827382100,0.0,0,46.841,34.756
3,173.0,1683451191827641400,0.0,0,46.68,34.756
3,174.0,1683451192828546900,0.0,0,46.454,34.756
3,175.0,1683451193828938500,0.0,0,46.357,34.756
3,176.0,1683451194839286500,0.0,0,46.035,34.756
3,177.0,1683451195840025300,0.0,0,46.035,34.756
3,178.0,1683451196843081600,0.0,0,45.713,34.756
3,179.0,1683451197843563300,0.0,0,45.713,34.756
3,180.0,1683451198848577800,0.0,0,45.391,34.756
3,181.0,1683451199849851300,0.0,0,45.358,34.756
3,182.0,1683451200852514900,0.0,0,45.068,34.756
3,183.0,1683451201853368500,0.0,0,45.068,34.756
3,184.0,1683451202854181400,0.0,0,44.746,34.756
3,185.0,1683451203855203700,0.0,0,44.746,34.756
3,186.0,1683451204861043300,0.0,0,44.488,34.756
3,187.0,1683451205861273900,0.0,0,44.424,34.756
3,188.0,1683451206865786900,0.0,0,44.295,34.756
3,189.0,1683451207865872800,0.0,0,44.102,34.756
3,190.0,1683451208866476000,0.0,0,44.102,34.756
3,191.0,1683451209866849700,0.0,0,43.779,34.756
3,192.0,1683451210866852400,0.0,0,43.779,34.756
3,193.0,1683451211877046100,0.0,0,43.457,34.756
3,194.0,1683451212878023900,0.0,0,43.457,34.691
3,195.0,1683451213878995900,0.0,0,43.135,34.724
3,196.0,1683451214879305000,0.0,0,43.135,34.563
3,197.0,1683451215884034900,0.0,0,42.909,34.659
3,198.0,1683451216885418900,0.0,0,42.813,34.53
3,199.0,1683451217885902700,0.0,0,42.813,34.466
3,200.0,1683451218889622400,0.0,0,42.49,34.434
3,201.0,1683451219890825600,0.0,0,42.49,34.434
3,202.0,1683451220891071400,0.0,0,42.329,34.434
3,203.0,1683451221895543300,0.0,0,42.168,34.434
3,204.0,1683451222896378200,0.0,0,42.168,34.434
3,205.0,1683451223900184600,0.0,0,41.846,34.434
3,206.0,1683451224902956300,0.0,0,41.813,34.434
3,207.0,1683451225903487700,0.0,0,41.685,34.434
3,208.0,1683451226905663300,0.0,0,41.523,34.434
3,209.0,1683451227910032100,0.0,0,41.523,34.434
3,210.0,1683451228912699000,0.0,0,41.201,34.434
3,211.0,1683451229913178900,0.0,0,41.201,34.401
3,212.0,1683451230917061800,0.0,0,41.169,34.369
3,213.0,1683451231917689100,0.0,0,40.879,34.401
3,214.0,1683451232918696400,0.0,0,40.879,34.272
3,215.0,1683451233918832800,0.0,0,40.718,34.144
3,216.0,1683451234925186500,0.0,0,40.557,34.111
3,217.0,1683451235927377700,0.0,0,40.557,34.111
3,218.0,1683451236927654100,0.0,0,40.267,34.111
3,219.0,1683451237931723400,0.0,0,40.234,34.111
3,220.0,1683451238933592100,0.0,0,40.234,34.111
3,221.0,1683451239936393800,0.0,0,39.912,34.111
3,222.0,1683451240938695100,0.0,0,39.912,34.111
3,223.0,1683451241940947900,0.0,0,39.912,34.111
3,224.0,1683451242941317200,0.0,0,39.59,34.111
3,225.0,1683451243941631300,0.0,0,39.59,34.111
3,226.0,1683451244942163100,0.0,0,39.558,34.015
3,227.0,1683451245948875300,0.0,0,39.268,33.821
3,228.0,1683451246949153700,0.0,0,39.268,33.789
3,229.0,1683451247949413700,0.0,0,39.235,33.789
3,230.0,1683451248956024700,0.0,0,38.945,33.789
3,231.0,1683451249956315500,0.0,0,38.945,33.789
3,232.0,1683451250959524500,0.0,0,38.752,33.789
3,233.0,1683451251962708300,0.0,0,38.623,33.789
3,234.0,1683451252966099600,0.0,0,38.623,33.789
3,235.0,1683451253966964700,0.0,0,38.623,33.789
3,236.0,1683451254967450400,0.0,0,38.397,33.789
3,237.0,1683451255971088400,0.0,0,38.301,33.725
3,238.0,1683451256971537100,0.0,0,38.301,33.531
3,239.0,1683451257976603700,0.0,0,38.269,33.467
3,240.0,1683451258977063300,0.0,0,37.979,33.499
3,241.0,1683451259982293100,0.0,0,37.979,33.467
3,242.0,1683451260984693900,0.0,0,37.979,33.467
3,243.0,1683451261985299700,0.0,0,37.721,33.467
3,244.0,1683451262988868600,0.0,0,37.656,33.467
3,245.0,1683451263990229200,0.0,0,37.656,33.467
3,246.0,1683451264990398500,0.0,0,37.656,33.467
3,247.0,1683451265994219800,0.0,0,37.334,33.467
3,248.0,1683451266996631900,0.0,0,37.334,33.435
3,249.0,1683451267997583700,0.0,0,37.334,33.273
3,250.0,1683451269000860900,0.0,0,37.237,33.145
3,251.0,1683451270002584200,0.0,0,37.012,33.145
3,252.0,1683451271004007700,0.0,0,37.012,33.145
3,253.0,1683451272006239100,0.0,0,37.012,33.145
3,254.0,1683451273006575500,0.0,0,36.722,33.145
3,255.0,1683451274009730500,0.0,0,36.689,33.145
3,256.0,1683451275009785200,0.0,0,36.689,33.145
3,257.0,1683451276013290300,0.0,0,36.689,33.145
3,258.0,1683451277016067400,0.0,0,36.399,33.112
3,259.0,1683451278016282000,0.0,0,36.367,33.048
3,260.0,1683451279020409900,0.0,0,36.367,32.854
3,261.0,1683451280023051500,0.0,0,36.367,32.822
3,262.0,1683451281025175700,0.0,0,36.142,32.822
3,263.0,1683451282025667000,0.0,0,36.045,32.822
3,264.0,1683451283025740300,0.0,0,36.045,32.822
3,265.0,1683451284031236300,0.0,0,36.045,32.822
3,266.0,1683451285035228200,0.0,0,35.723,32.822
3,267.0,1683451286035834300,0.0,0,35.723,32.822
3,268.0,1683451287039167400,0.0,0,35.723,32.822
3,269.0,1683451288040920000,0.0,0,35.723,32.726
3,270.0,1683451289041723200,0.0,0,35.433,32.564
3,271.0,1683451290042395700,0.0,0,35.4,32.5
3,272.0,1683451291042894600,0.0,0,35.4,32.5
3,273.0,1683451292043688100,0.0,0,35.4,32.5
3,274.0,1683451293044501800,0.0,0,35.271,32.5
3,275.0,1683451294052408800,0.0,0,35.078,32.5
3,276.0,1683451295054137200,0.0,0,35.078,32.5
3,277.0,1683451296054942100,0.0,0,35.078,32.5
3,278.0,1683451297055977800,0.0,0,35.078,32.468
3,279.0,1683451298058601800,0.0,0,34.788,32.436
3,280.0,1683451299058609100,0.0,0,34.756,32.274
3,281.0,1683451300058767500,0.0,0,34.756,32.21
3,282.0,1683451301064844000,0.0,0,34.756,32.178
3,283.0,1683451302067458000,0.0,0,34.756,32.178
3,284.0,1683451303067589000,0.0,0,34.627,32.178
3,285.0,1683451304071228200,0.0,0,34.466,32.178
3,286.0,1683451305071557200,0.0,0,34.434,32.178
3,287.0,1683451306074835300,0.0,0,34.434,32.178
3,288.0,1683451307076949500,0.0,0,34.434,32.081
3,289.0,1683451308078430500,0.0,0,34.208,32.081
3,290.0,1683451309079082700,0.0,0,34.111,31.888
3,291.0,1683451310080523600,0.0,0,34.111,31.855
3,292.0,1683451311085317200,0.0,0,34.111,31.855
3,293.0,1683451312085873300,0.0,0,34.047,31.855
3,294.0,1683451313090208500,0.0,0,33.789,31.855
3,295.0,1683451314092330000,0.0,0,33.789,31.855
3,296.0,1683451315093145300,0.0,0,33.789,31.855
3,297.0,1683451316095525100,0.0,0,33.789,31.855
3,298.0,1683451317096725200,0.0,0,33.789,31.823
3,299.0,1683451318097430200,0.0,0,33.531,31.662
3,300.0,1683451319100034100,0.0,0,33.467,31.598
3,301.0,1683451320102272000,0.0,0,33.467,31.533
3,302.0,1683451321104104600,0.0,0,33.467,31.533
3,303.0,1683451322104173700,0.0,0,33.467,31.533
3,304.0,1683451323104814000,0.0,0,33.467,31.533
3,305.0,1683451324111614200,0.0,0,33.177,31.533
3,306.0,1683451325111931300,0.0,0,33.145,31.533
3,307.0,1683451326112145800,0.0,0,33.145,31.533
3,308.0,1683451327118462400,0.0,0,33.145,31.437
3,309.0,1683451328120435900,0.0,0,33.145,31.469
3,310.0,1683451329120786800,0.0,0,32.983,31.243
3,311.0,1683451330125289000,0.0,0,32.822,31.211
3,312.0,1683451331127400100,0.0,0,32.822,31.211
3,313.0,1683451332128759400,0.0,0,32.822,31.211
3,314.0,1683451333128781400,0.0,0,32.822,31.211
3,315.0,1683451334129401000,0.0,0,32.822,31.211
3,316.0,1683451335129547900,0.0,0,32.693,31.211
3,317.0,1683451336130254000,0.0,0,32.532,31.211
3,318.0,1683451337137243100,0.0,0,32.5,31.082
3,319.0,1683451338139154100,0.0,0,32.5,31.146
3,320.0,1683451339140142300,0.0,0,32.5,30.953
3,321.0,1683451340141377700,0.0,0,32.5,30.889
3,322.0,1683451341142711800,0.0,0,32.468,30.889
3,323.0,1683451342145542300,0.0,0,32.21,30.889
3,324.0,1683451343146946500,0.0,0,32.178,30.889
3,325.0,1683451344147439600,0.0,0,32.178,30.889
3,326.0,1683451345152359600,0.0,0,32.178,30.889
3,327.0,1683451346154659700,0.0,0,32.178,30.889
3,328.0,1683451347155140400,0.0,0,32.113,30.889
3,329.0,1683451348155159100,0.0,0,31.888,30.889
3,330.0,1683451349159687500,0.0,0,31.855,30.824
3,331.0,1683451350161538200,0.0,0,31.855,30.566
3,332.0,1683451351162501600,0.0,0,31.855,30.566
3,333.0,1683451352166330200,0.0,0,31.855,30.566
3,334.0,1683451353169013600,0.0,0,31.855,30.566
3,335.0,1683451354171273100,0.0,0,31.855,30.566
3,336.0,1683451355173502100,0.0,0,31.662,30.566
3,337.0,1683451356175590500,0.0,0,31.533,30.566
3,338.0,1683451357177718100,0.0,0,31.533,30.566
3,339.0,1683451358178363200,0.0,0,31.533,30.566
3,340.0,1683451359179074900,0.0,0,31.533,30.566
3,341.0,1683451360184369800,0.0,0,31.533,30.341
3,342.0,1683451361186581800,0.0,0,31.533,30.244
3,343.0,1683451362186584000,0.0,0,31.404,30.244
3,344.0,1683451363190359400,0.0,0,31.211,30.244
3,345.0,1683451364190951700,0.0,0,31.211,30.244
3,346.0,1683451365191454100,0.0,0,31.211,30.244
3,347.0,1683451366191631200,0.0,0,31.211,30.244
3,348.0,1683451367197566000,0.0,0,31.211,30.244
3,349.0,1683451368199411400,0.0,0,31.211,30.244
3,350.0,1683451369199599000,0.0,0,31.179,30.244
3,351.0,1683451370202818300,0.0,0,31.082,30.147
3,352.0,1683451371205267000,0.0,0,30.921,30.147
3,353.0,1683451372206129600,0.0,0,30.889,29.986
3,354.0,1683451373206441000,0.0,0,30.889,29.922
3,355.0,1683451374210314900,0.0,0,30.889,29.922
3,356.0,1683451375213453400,0.0,0,30.889,29.922
3,357.0,1683451376213500600,0.0,0,30.889,29.922
3,358.0,1683451377217246800,0.0,0,30.889,29.922
3,359.0,1683451378220076800,0.0,0,30.728,29.922
